,gov_id,file_prefix
0,0,481
1,1,491
2,2,501
3,3,511
4,4,521
5,5,531
6,6,541
7,7,551
8,8,561
9,9,571
10,10,581
11,11,591
12,12,601
13,13,611
14,14,621
15,15,631
16,16,641
17,17,651
18,18,661
19,19,671
20,20,681
21,21,691
22,22,701
23,23,711
24,24,721
25,25,731
26,26,741
27,27,751
28,28,761
29,29,771
30,30,781
31,31,791
32,32,801
33,33,811
34,34,821
35,35,831
36,36,841
37,37,851
38,38,861
39,39,871
40,40,881
41,41,891
42,42,901
43,43,911
44,44,921
45,45,931
46,46,941
47,47,951
48,48,961
49,49,971
50,50,981
51,51,991
52,52,1001
53,53,1011
54,54,1021
55,55,1031
56,56,1041
57,57,1051
58,58,1061
59,59,1071
60,60,1081
61,61,1091
62,62,1101
63,63,1111
64,64,1121
65,65,1131
66,66,1141
67,68,1151
68,69,1161
69,70,1171
70,71,1181
71,72,1191
72,73,1201
73,67,1211
74,74,1221
75,75,1231
76,76,1241
77,77,1251
78,78,1261
79,79,1271
80,80,1281
81,81,1291
82,82,1301
83,83,1311
84,84,1321
85,85,1331
86,86,1341
87,93,1351
88,94,1361
89,88,1371
90,89,1381
91,90,1391
92,91,1401
93,92,1411
94,95,1421
95,96,1431
96,97,1441
97,98,1451
98,99,1461
99,100,1471
100,101,1481
101,102,1491
102,103,1501
103,104,1511
104,110,1521
105,111,1531
106,106,1541
107,107,1551
108,108,1561
109,109,1571
110,112,1581
111,113,1591
112,114,1601
113,115,1611
114,116,1621
115,117,1631
116,118,1641
117,119,1651
118,120,1661
119,121,1671
120,122,1681
121,123,1691
122,125,1701
123,126,1711
124,127,1721
125,128,1731
126,129,1741
127,130,1751
128,131,1761
129,132,1771
130,133,1781
131,134,1791
132,135,1801
133,136,1811
134,137,1821
135,138,1831
136,139,1841
137,140,1851
138,141,1861
139,142,1871
140,143,1881
141,144,1891
142,145,1901
143,146,1911
144,147,1921
145,148,1931
146,149,1941
147,150,1951
148,151,1961
149,152,1971
150,161,1981
151,165,1991
152,154,2001
153,155,2011
154,156,2021
155,157,2031
156,158,2041
157,159,2051
158,160,2061
159,162,2071
160,163,2081
161,164,2091
162,166,2101
163,167,2111
164,168,2121
165,169,2131
166,170,2141
167,171,2151
168,173,2161
169,174,2171
170,175,2181
171,176,2191
172,177,2201
173,172,2211
174,178,2221
175,179,2231
176,180,2241
177,181,2251
178,182,2261
179,183,2271
180,184,2281
181,185,2291
182,186,2301
183,187,2311
184,188,2321
185,189,2331
186,190,2341
187,191,2351
188,192,2361
189,193,2371
190,194,2381
191,195,2391
192,196,2401
193,197,2411
194,198,2421
195,199,2431
196,200,2441
197,201,2451
198,202,2461
199,203,2471
200,204,2481
201,205,2491
202,206,2501
203,207,2511
204,216,2521
205,208,2531
206,209,2541
207,210,2551
208,211,2561
209,212,2571
210,213,2581
211,214,2591
212,215,2601
213,217,2611
214,218,2621
215,219,2631
216,220,2641
217,221,2651
218,222,2661
219,223,2671
220,224,2681
221,225,2691
222,226,2701
223,227,2711
224,228,2721
225,229,2731
226,230,2741
227,234,2751
228,231,2761
229,3230,2771
230,241,2781
231,235,2791
232,236,2801
233,237,2811
234,238,2821
235,239,2831
236,240,2841
237,242,2851
238,243,2861
239,244,2871
240,245,2881
241,246,2891
242,247,2901
243,248,2911
244,3231,2921
245,251,2931
246,253,2941
247,261,2951
248,252,2961
249,254,2971
250,255,2981
251,256,2991
252,257,3001
253,258,3011
254,259,3021
255,260,3031
256,262,3041
257,263,3051
258,264,3061
259,265,3071
260,266,3081
261,267,3091
262,268,3101
263,269,3111
264,270,3121
265,271,3131
266,272,3141
267,273,3151
268,274,3161
269,275,3171
270,276,3181
271,277,3191
272,283,3201
273,278,3211
274,279,3221
275,280,3231
276,281,3241
277,282,3251
278,284,3261
279,285,3271
280,286,3281
281,287,3291
282,288,3301
283,289,3311
284,290,3321
285,291,3331
286,292,3341
287,293,3351
288,294,3361
289,295,3371
290,296,3381
291,297,3391
292,298,3401
293,299,3411
294,300,3421
295,301,3431
296,302,3441
297,303,3451
298,304,3461
299,305,3471
300,306,3481
301,307,3491
302,308,3501
303,309,3511
304,310,3521
305,311,3531
306,312,3541
307,313,3551
308,314,3561
309,315,3571
310,316,3581
311,317,3591
312,318,3601
313,319,3611
314,320,3621
315,321,3631
316,322,3641
317,323,3651
318,324,3661
319,325,3671
320,326,3681
321,327,3691
322,328,3701
323,329,3711
324,330,3721
325,331,3731
326,332,3741
327,333,3751
328,334,3761
329,335,3771
330,336,3781
331,337,3791
332,338,3801
333,339,3811
334,340,3821
335,341,3831
336,342,3841
337,343,3851
338,344,3861
339,345,3871
340,346,3881
341,347,3891
342,348,3901
343,349,3911
344,350,3921
345,351,3931
346,352,3941
347,353,3951
348,354,3961
349,355,3971
350,356,3981
351,357,3991
352,358,4001
353,359,4011
354,360,4021
355,361,4031
356,362,4041
357,363,4051
358,364,4061
359,365,4071
360,366,4081
361,367,4091
362,368,4101
363,369,4111
364,370,4121
365,371,4131
366,372,4141
367,373,4151
368,374,4161
369,375,4171
370,376,4181
371,377,4191
372,378,4201
373,379,4211
374,380,4221
375,381,4231
376,382,4241
377,383,4251
378,384,4261
379,385,4271
380,386,4281
381,387,4291
382,388,4301
383,389,4311
384,390,4321
385,391,4331
386,392,4341
387,393,4351
388,394,4361
389,395,4371
390,396,4381
391,397,4391
392,3220,4401
393,398,4411
394,399,4421
395,400,4431
396,401,4441
397,402,4451
398,403,4461
399,404,4471
400,405,4481
401,406,4491
402,407,4501
403,408,4511
404,409,4521
405,410,4531
406,411,4541
407,412,4551
408,413,4561
409,414,4571
410,415,4581
411,416,4591
412,417,4601
413,418,4611
414,419,4621
415,420,4631
416,421,4641
417,422,4651
418,423,4661
419,424,4671
420,425,4681
421,426,4691
422,427,4701
423,428,4711
424,429,4721
425,430,4731
426,431,4741
427,432,4751
428,433,4761
429,434,4771
430,435,4781
431,436,4791
432,437,4801
433,438,4811
434,439,4821
435,440,4831
436,441,4841
437,442,4851
438,443,4861
439,444,4871
440,445,4881
441,446,4891
442,447,4901
443,448,4911
444,449,4921
445,450,4931
446,451,4941
447,452,4951
448,453,4961
449,454,4971
450,455,4981
451,456,4991
452,457,5001
453,458,5011
454,459,5021
455,460,5031
456,461,5041
457,462,5051
458,463,5061
459,464,5071
460,465,5081
461,466,5091
462,467,5101
463,468,5111
464,469,5121
465,470,5131
466,471,5141
467,472,5151
468,473,5161
469,474,5171
470,475,5181
471,476,5191
472,477,5201
473,478,5211
474,479,5221
475,480,5231
476,481,5241
477,482,5251
478,483,5261
479,484,5271
480,485,5281
481,486,5291
482,487,5301
483,488,5311
484,489,5321
485,490,5331
486,491,5341
487,492,5351
488,493,5361
489,494,5371
490,495,5381
491,496,5391
492,497,5401
493,498,5411
494,499,5421
495,500,5431
496,501,5441
497,502,5451
498,503,5461
499,504,5471
500,505,5481
501,506,5491
502,507,5501
503,508,5511
504,509,5521
505,510,5531
506,511,5541
507,512,5551
508,513,5561
509,514,5571
510,515,5581
511,516,5591
512,517,5601
513,518,5611
514,519,5621
515,520,5631
516,521,5641
517,522,5651
518,523,5661
519,524,5671
520,525,5681
521,526,5691
522,527,5701
523,528,5711
524,529,5721
525,530,5731
526,531,5741
527,532,5751
528,533,5761
529,534,5771
530,535,5781
531,536,5791
532,537,5801
533,538,5811
534,539,5821
535,540,5831
536,541,5841
537,542,5851
538,543,5861
539,544,5871
540,545,5881
541,546,5891
542,547,5901
543,548,5911
544,549,5921
545,550,5931
546,551,5941
547,552,5951
548,553,5961
549,554,5971
550,555,5981
551,556,5991
552,557,6001
553,558,6011
554,559,6021
555,560,6031
556,561,6041
557,562,6051
558,563,6061
559,564,6071
560,565,6081
561,566,6091
562,567,6101
563,568,6111
564,569,6121
565,570,6131
566,571,6141
567,572,6151
568,573,6161
569,574,6171
570,575,6181
571,576,6191
572,577,6201
573,578,6211
574,579,6221
575,580,6231
576,581,6241
577,582,6251
578,583,6261
579,584,6271
580,585,6281
581,586,6291
582,587,6301
583,588,6311
584,589,6321
585,590,6331
586,606,6341
587,591,6351
588,592,6361
589,593,6371
590,594,6381
591,595,6391
592,596,6401
593,597,6411
594,598,6421
595,599,6431
596,600,6441
597,601,6451
598,602,6461
599,603,6471
600,604,6481
601,605,6491
602,607,6501
603,608,6511
604,609,6521
605,610,6531
606,611,6541
607,612,6551
608,613,6561
609,614,6571
610,615,6581
611,616,6591
612,617,6601
613,618,6611
614,619,6621
615,620,6631
616,621,6641
617,622,6651
618,623,6661
619,624,6671
620,625,6681
621,626,6691
622,627,6701
623,628,6711
624,629,6721
625,630,6731
626,631,6741
627,632,6751
628,633,6761
629,634,6771
630,635,6781
631,636,6791
632,637,6801
633,638,6811
634,639,6821
635,640,6831
636,641,6841
637,642,6851
638,643,6861
639,644,6871
640,645,6881
641,646,6891
642,647,6901
643,648,6911
644,649,6921
645,650,6931
646,651,6941
647,652,6951
648,653,6961
649,654,6971
650,655,6981
651,656,6991
652,657,7001
653,658,7011
654,659,7021
655,660,7031
656,661,7041
657,662,7051
658,663,7061
659,664,7071
660,665,7081
661,666,7091
662,667,7101
663,668,7111
664,669,7121
665,670,7131
666,671,7141
667,672,7151
668,673,7161
669,674,7171
670,675,7181
671,676,7191
672,677,7201
673,678,7211
674,679,7221
675,680,7231
676,681,7241
677,682,7251
678,683,7261
679,684,7271
680,685,7281
681,686,7291
682,687,7301
683,688,7311
684,689,7321
685,690,7331
686,691,7341
687,692,7351
688,693,7361
689,694,7371
690,695,7381
691,696,7391
692,697,7401
693,698,7411
694,699,7421
695,700,7431
696,701,7441
697,702,7451
698,703,7461
699,704,7471
700,705,7481
701,706,7491
702,707,7501
703,708,7511
704,709,7521
705,710,7531
706,711,7541
707,712,7551
708,713,7561
709,714,7571
710,715,7581
711,716,7591
712,717,7601
713,718,7611
714,719,7621
715,720,7631
716,721,7641
717,722,7651
718,723,7661
719,724,7671
720,3235,7681
721,3236,7691
722,727,7701
723,740,7711
724,3238,7721
725,3239,7731
726,3240,7741
727,3241,7751
728,3242,7761
729,741,7771
730,742,7781
731,743,7791
732,744,7801
733,745,7811
734,746,7821
735,747,7831
736,748,7841
737,749,7851
738,751,7861
739,752,7871
740,750,7881
741,753,7891
742,754,7901
743,755,7911
744,756,7921
745,757,7931
746,758,7941
747,759,7951
748,760,7961
749,761,7971
750,762,7981
751,763,7991
752,764,8001
753,765,8011
754,766,8021
755,767,8031
756,768,8041
757,769,8051
758,770,8061
759,772,8071
760,773,8081
761,774,8091
762,775,8101
763,771,8111
764,776,8121
765,777,8131
766,778,8141
767,779,8151
768,780,8161
769,781,8171
770,782,8181
771,783,8191
772,784,8201
773,785,8211
774,786,8221
775,787,8231
776,790,8241
777,3221,8251
778,788,8261
779,789,8271
780,791,8281
781,792,8291
782,793,8301
783,794,8311
784,795,8321
785,796,8331
786,797,8341
787,798,8351
788,799,8361
789,800,8371
790,801,8381
791,802,8391
792,803,8401
793,804,8411
794,805,8421
795,806,8431
796,807,8441
797,808,8451
798,809,8461
799,810,8471
800,811,8481
801,812,8491
802,813,8501
803,814,8511
804,815,8521
805,816,8531
806,817,8541
807,818,8551
808,819,8561
809,820,8571
810,821,8581
811,822,8591
812,823,8601
813,824,8611
814,825,8621
815,826,8631
816,827,8641
817,828,8651
818,829,8661
819,830,8671
820,831,8681
821,832,8691
822,833,8701
823,834,8711
824,835,8721
825,836,8731
826,837,8741
827,838,8751
828,839,8761
829,840,8771
830,841,8781
831,842,8791
832,843,8801
833,844,8811
834,845,8821
835,846,8831
836,847,8841
837,848,8851
838,849,8861
839,850,8871
840,851,8881
841,852,8891
842,853,8901
843,854,8911
844,855,8921
845,856,8931
846,857,8941
847,860,8951
848,858,8961
849,865,8971
850,862,8981
851,863,8991
852,864,9001
853,861,9011
854,866,9021
855,867,9031
856,868,9041
857,869,9051
858,870,9061
859,871,9071
860,872,9081
861,873,9091
862,875,9101
863,876,9111
864,3222,9121
865,879,9131
866,878,9141
867,880,9151
868,881,9161
869,882,9171
870,883,9181
871,884,9191
872,885,9201
873,886,9211
874,887,9221
875,888,9231
876,889,9241
877,890,9251
878,891,9261
879,892,9271
880,893,9281
881,894,9291
882,895,9301
883,896,9311
884,897,9321
885,898,9331
886,899,9341
887,900,9351
888,901,9361
889,902,9371
890,903,9381
891,904,9391
892,905,9401
893,906,9411
894,907,9421
895,908,9431
896,909,9441
897,910,9451
898,911,9461
899,912,9471
900,913,9481
901,914,9491
902,915,9501
903,916,9511
904,917,9521
905,918,9531
906,919,9541
907,920,9551
908,921,9561
909,924,9571
910,925,9581
911,926,9591
912,927,9601
913,928,9611
914,929,9621
915,933,9631
916,930,9641
917,931,9651
918,932,9661
919,934,9671
920,935,9681
921,937,9691
922,938,9701
923,939,9711
924,940,9721
925,945,9731
926,941,9741
927,942,9751
928,943,9761
929,944,9771
930,946,9781
931,947,9791
932,948,9801
933,949,9811
934,950,9821
935,951,9831
936,952,9841
937,953,9851
938,954,9861
939,955,9871
940,956,9881
941,957,9891
942,3234,9901
943,958,9911
944,959,9921
945,960,9931
946,961,9941
947,962,9951
948,963,9961
949,964,9971
950,965,9981
951,966,9991
952,967,10001
953,968,10011
954,969,10021
955,970,10031
956,971,10041
957,972,10051
958,973,10061
959,974,10071
960,975,10081
961,976,10091
962,977,10101
963,978,10111
964,979,10121
965,980,10131
966,981,10141
967,982,10151
968,983,10161
969,984,10171
970,985,10181
971,986,10191
972,987,10201
973,988,10211
974,989,10221
975,990,10231
976,991,10241
977,992,10251
978,993,10261
979,994,10271
980,995,10281
981,996,10291
982,997,10301
983,998,10311
984,999,10321
985,1000,10331
986,1001,10341
987,1002,10351
988,1003,10361
989,1004,10371
990,1006,10381
991,1007,10391
992,1008,10401
993,1009,10411
994,1010,10421
995,1005,10431
996,1011,10441
997,1012,10451
998,1013,10461
999,1014,10471
1000,1015,10481
1001,1016,10491
1002,1017,10501
1003,1018,10511
1004,1019,10521
1005,1020,10531
1006,1021,10541
1007,1022,10551
1008,1023,10561
1009,1024,10571
1010,1025,10581
1011,1026,10591
1012,1027,10601
1013,1028,10611
1014,1029,10621
1015,1030,10631
1016,1031,10641
1017,1032,10651
1018,1033,10661
1019,1035,10671
1020,1034,10681
1021,1037,10691
1022,1038,10701
1023,1039,10711
1024,1040,10721
1025,1041,10731
1026,1042,10741
1027,1043,10751
1028,1044,10761
1029,1045,10771
1030,1046,10781
1031,1047,10791
1032,1048,10801
1033,1049,10811
1034,1050,10821
1035,1051,10831
1036,1052,10841
1037,1053,10851
1038,1054,10861
1039,1055,10871
1040,1056,10881
1041,1057,10891
1042,1058,10901
1043,1059,10911
1044,1060,10921
1045,1061,10931
1046,1062,10941
1047,1063,10951
1048,1064,10961
1049,1065,10971
1050,1066,10981
1051,1067,10991
1052,1068,11001
1053,1069,11011
1054,1070,11021
1055,1071,11031
1056,1072,11041
1057,1073,11051
1058,1074,11061
1059,1075,11071
1060,1076,11081
1061,1077,11091
1062,1078,11101
1063,1080,11111
1064,1081,11121
1065,1082,11131
1066,1083,11141
1067,1084,11151
1068,1079,11161
1069,1085,11171
1070,1086,11181
1071,1087,11191
1072,1088,11201
1073,1089,11211
1074,1090,11221
1075,1091,11231
1076,1092,11241
1077,1093,11251
1078,1094,11261
1079,1095,11271
1080,1096,11281
1081,1097,11291
1082,1098,11301
1083,1099,11311
1084,1100,11321
1085,1101,11331
1086,1102,11341
1087,1103,11351
1088,1104,11361
1089,1105,11371
1090,1106,11381
1091,1107,11391
1092,1108,11401
1093,1109,11411
1094,1110,11421
1095,1111,11431
1096,1112,11441
1097,1113,11451
1098,1114,11461
1099,1115,11471
1100,1116,11481
1101,1117,11491
1102,1118,11501
1103,1119,11511
1104,1120,11521
1105,1121,11531
1106,1122,11541
1107,1123,11551
1108,1124,11561
1109,1125,11571
1110,1126,11581
1111,1127,11591
1112,1128,11601
1113,1129,11611
1114,1130,11621
1115,1131,11631
1116,1132,11641
1117,1133,11651
1118,1134,11661
1119,1135,11671
1120,1136,11681
1121,1137,11691
1122,1139,11701
1123,1140,11711
1124,1141,11721
1125,1142,11731
1126,1138,11741
1127,1143,11751
1128,1144,11761
1129,1145,11771
1130,1146,11781
1131,1147,11791
1132,1148,11801
1133,1149,11811
1134,1157,11821
1135,1150,11831
1136,1151,11841
1137,1152,11851
1138,1153,11861
1139,1154,11871
1140,1155,11881
1141,1156,11891
1142,1158,11901
1143,1159,11911
1144,1160,11921
1145,1161,11931
1146,1162,11941
1147,1163,11951
1148,1164,11961
1149,1165,11971
1150,1166,11981
1151,1167,11991
1152,1168,12001
1153,1169,12011
1154,1170,12021
1155,1171,12031
1156,1173,12041
1157,1179,12051
1158,1174,12061
1159,1175,12071
1160,1176,12081
1161,1177,12091
1162,1178,12101
1163,1180,12111
1164,1181,12121
1165,1182,12131
1166,1183,12141
1167,1184,12151
1168,1185,12161
1169,1186,12171
1170,1187,12181
1171,1188,12191
1172,1189,12201
1173,1190,12211
1174,1191,12221
1175,1192,12231
1176,1193,12241
1177,1194,12251
1178,1195,12261
1179,1196,12271
1180,1197,12281
1181,1198,12291
1182,1199,12301
1183,1208,12311
1184,1203,12321
1185,1200,12331
1186,1201,12341
1187,1202,12351
1188,1204,12361
1189,1205,12371
1190,1206,12381
1191,1207,12391
1192,1209,12401
1193,1210,12411
1194,1211,12421
1195,1212,12431
1196,1213,12441
1197,1214,12451
1198,1215,12461
1199,1216,12471
1200,1217,12481
1201,1218,12491
1202,1219,12501
1203,1220,12511
1204,1221,12521
1205,1222,12531
1206,1223,12541
1207,1224,12551
1208,1225,12561
1209,1226,12571
1210,1227,12581
1211,1228,12591
1212,1229,12601
1213,1230,12611
1214,1231,12621
1215,1232,12631
1216,1233,12641
1217,1234,12651
1218,1235,12661
1219,1236,12671
1220,1237,12681
1221,1238,12691
1222,1239,12701
1223,1240,12711
1224,1241,12721
1225,1242,12731
1226,1244,12741
1227,1245,12751
1228,1246,12761
1229,1247,12771
1230,1248,12781
1231,1249,12791
1232,1250,12801
1233,1251,12811
1234,1252,12821
1235,1253,12831
1236,1254,12841
1237,1255,12851
1238,1256,12861
1239,1257,12871
1240,1258,12881
1241,1259,12891
1242,1260,12901
1243,1261,12911
1244,1262,12921
1245,1263,12931
1246,1264,12941
1247,1265,12951
1248,1266,12961
1249,1267,12971
1250,1269,12981
1251,1270,12991
1252,1271,13001
1253,1272,13011
1254,1273,13021
1255,3223,13031
1256,1274,13041
1257,1275,13051
1258,1276,13061
1259,1277,13071
1260,1278,13081
1261,1279,13091
1262,1280,13101
1263,1281,13111
1264,1282,13121
1265,1283,13131
1266,1284,13141
1267,1285,13151
1268,1286,13161
1269,1287,13171
1270,1288,13181
1271,1289,13191
1272,1291,13201
1273,1292,13211
1274,1293,13221
1275,1294,13231
1276,1295,13241
1277,1296,13251
1278,1297,13261
1279,1298,13271
1280,1299,13281
1281,1290,13291
1282,1300,13301
1283,1301,13311
1284,1302,13321
1285,1303,13331
1286,1304,13341
1287,1305,13351
1288,1306,13361
1289,1307,13371
1290,1308,13381
1291,1309,13391
1292,1310,13401
1293,1311,13411
1294,1312,13421
1295,1313,13431
1296,1314,13441
1297,1315,13451
1298,1316,13461
1299,1317,13471
1300,1318,13481
1301,1319,13491
1302,1320,13501
1303,1321,13511
1304,1322,13521
1305,1323,13531
1306,1324,13541
1307,1325,13551
1308,1326,13561
1309,1335,13571
1310,1327,13581
1311,1328,13591
1312,1329,13601
1313,1330,13611
1314,1331,13621
1315,1332,13631
1316,1333,13641
1317,1334,13651
1318,1336,13661
1319,1337,13671
1320,1338,13681
1321,1339,13691
1322,1340,13701
1323,1341,13711
1324,1342,13721
1325,1343,13731
1326,1344,13741
1327,1345,13751
1328,1346,13761
1329,1347,13771
1330,1348,13781
1331,1349,13791
1332,1350,13801
1333,1351,13811
1334,1352,13821
1335,1353,13831
1336,1354,13841
1337,1355,13851
1338,1356,13861
1339,1357,13871
1340,1361,13881
1341,1359,13891
1342,1451,13901
1343,1452,13911
1344,1358,13921
1345,1360,13931
1346,1362,13941
1347,1363,13951
1348,1364,13961
1349,1365,13971
1350,1366,13981
1351,1367,13991
1352,1368,14001
1353,1370,14011
1354,1369,14021
1355,1371,14031
1356,1372,14041
1357,1373,14051
1358,1374,14061
1359,1375,14071
1360,1376,14081
1361,1377,14091
1362,1378,14101
1363,1379,14111
1364,1380,14121
1365,1381,14131
1366,1382,14141
1367,1383,14151
1368,1384,14161
1369,1385,14171
1370,1386,14181
1371,1387,14191
1372,1388,14201
1373,1389,14211
1374,1390,14221
1375,1391,14231
1376,1392,14241
1377,1393,14251
1378,1394,14261
1379,1395,14271
1380,1396,14281
1381,1397,14291
1382,1398,14301
1383,1399,14311
1384,1404,14321
1385,1401,14331
1386,1402,14341
1387,1403,14351
1388,1405,14361
1389,1406,14371
1390,1407,14381
1391,1408,14391
1392,1409,14401
1393,1410,14411
1394,1411,14421
1395,1412,14431
1396,1413,14441
1397,1414,14451
1398,1415,14461
1399,1416,14471
1400,1417,14481
1401,1418,14491
1402,1419,14501
1403,1420,14511
1404,1421,14521
1405,1422,14531
1406,1423,14541
1407,1424,14551
1408,1425,14561
1409,1426,14571
1410,1427,14581
1411,1428,14591
1412,1429,14601
1413,1430,14611
1414,1431,14621
1415,1432,14631
1416,1433,14641
1417,1434,14651
1418,1435,14661
1419,1436,14671
1420,1437,14681
1421,1438,14691
1422,1439,14701
1423,1440,14711
1424,1441,14721
1425,1442,14731
1426,1443,14741
1427,1444,14751
1428,1445,14761
1429,1446,14771
1430,1447,14781
1431,1448,14791
1432,1449,14801
1433,1453,14811
1434,1454,14821
1435,1455,14831
1436,1456,14841
1437,1457,14851
1438,1458,14861
1439,1459,14871
1440,1460,14881
1441,1461,14891
1442,1462,14901
1443,1463,14911
1444,1464,14921
1445,1465,14931
1446,1466,14941
1447,1467,14951
1448,1468,14961
1449,1469,14971
1450,1470,14981
1451,1471,14991
1452,1472,15001
1453,1473,15011
1454,1474,15021
1455,1475,15031
1456,1476,15041
1457,1477,15051
1458,1478,15061
1459,1479,15071
1460,1482,15081
1461,1480,15091
1462,1481,15101
1463,1483,15111
1464,1484,15121
1465,1485,15131
1466,1486,15141
1467,1487,15151
1468,1488,15161
1469,1489,15171
1470,1490,15181
1471,1491,15191
1472,1492,15201
1473,1493,15211
1474,1494,15221
1475,1495,15231
1476,1496,15241
1477,1503,15251
1478,1497,15261
1479,1498,15271
1480,1499,15281
1481,1500,15291
1482,1501,15301
1483,1502,15311
1484,1504,15321
1485,1505,15331
1486,1506,15341
1487,1507,15351
1488,1508,15361
1489,1509,15371
1490,1510,15381
1491,1511,15391
1492,1512,15401
1493,1513,15411
1494,1514,15421
1495,1515,15431
1496,1516,15441
1497,1517,15451
1498,1518,15461
1499,1519,15471
1500,1520,15481
1501,1521,15491
1502,1522,15501
1503,1523,15511
1504,1524,15521
1505,1525,15531
1506,1526,15541
1507,1527,15551
1508,1528,15561
1509,1529,15571
1510,1530,15581
1511,1531,15591
1512,1532,15601
1513,1533,15611
1514,1544,15621
1515,1535,15631
1516,1537,15641
1517,1538,15651
1518,1539,15661
1519,1540,15671
1520,1541,15681
1521,1542,15691
1522,1543,15701
1523,1545,15711
1524,1546,15721
1525,1547,15731
1526,1548,15741
1527,1549,15751
1528,1550,15761
1529,1551,15771
1530,1552,15781
1531,1553,15791
1532,1554,15801
1533,1555,15811
1534,1556,15821
1535,1557,15831
1536,1558,15841
1537,1559,15851
1538,1560,15861
1539,1561,15871
1540,1562,15881
1541,1563,15891
1542,1564,15901
1543,1565,15911
1544,1566,15921
1545,1567,15931
1546,1568,15941
1547,1569,15951
1548,1570,15961
1549,1571,15971
1550,1572,15981
1551,1573,15991
1552,1574,16001
1553,1575,16011
1554,1576,16021
1555,1577,16031
1556,1578,16041
1557,1579,16051
1558,1580,16061
1559,1581,16071
1560,1583,16081
1561,1584,16091
1562,1582,16101
1563,1585,16111
1564,1586,16121
1565,1587,16131
1566,1588,16141
1567,1589,16151
1568,1590,16161
1569,1591,16171
1570,1592,16181
1571,1593,16191
1572,1594,16201
1573,1595,16211
1574,1596,16221
1575,1597,16231
1576,1598,16241
1577,1599,16251
1578,1600,16261
1579,1601,16271
1580,1602,16281
1581,1603,16291
1582,1604,16301
1583,1605,16311
1584,1606,16321
1585,1607,16331
1586,1608,16341
1587,1609,16351
1588,1610,16361
1589,1611,16371
1590,1612,16381
1591,1613,16391
1592,1614,16401
1593,1615,16411
1594,1616,16421
1595,1617,16431
1596,1618,16441
1597,1619,16451
1598,1620,16461
1599,1621,16471
1600,1622,16481
1601,1623,16491
1602,1624,16501
1603,1625,16511
1604,1626,16521
1605,1627,16531
1606,1628,16541
1607,1629,16551
1608,1630,16561
1609,1631,16571
1610,1632,16581
1611,1633,16591
1612,1634,16601
1613,1635,16611
1614,1636,16621
1615,1637,16631
1616,1638,16641
1617,1639,16651
1618,1640,16661
1619,1641,16671
1620,1642,16681
1621,1643,16691
1622,1644,16701
1623,1645,16711
1624,1646,16721
1625,1647,16731
1626,1648,16741
1627,1649,16751
1628,1650,16761
1629,1651,16771
1630,1652,16781
1631,1653,16791
1632,1654,16801
1633,1655,16811
1634,1656,16821
1635,1657,16831
1636,1658,16841
1637,1659,16851
1638,1665,16861
1639,1660,16871
1640,1661,16881
1641,1662,16891
1642,1663,16901
1643,1664,16911
1644,1666,16921
1645,1667,16931
1646,1668,16941
1647,1669,16951
1648,1670,16961
1649,1671,16971
1650,1672,16981
1651,1673,16991
1652,1674,17001
1653,1675,17011
1654,1676,17021
1655,1677,17031
1656,1678,17041
1657,1679,17051
1658,1680,17061
1659,1681,17071
1660,1682,17081
1661,1683,17091
1662,1684,17101
1663,1685,17111
1664,1686,17121
1665,1687,17131
1666,1688,17141
1667,1689,17151
1668,1690,17161
1669,1691,17171
1670,1692,17181
1671,1693,17191
1672,1694,17201
1673,1695,17211
1674,1696,17221
1675,1697,17231
1676,1698,17241
1677,1699,17251
1678,1700,17261
1679,1701,17271
1680,1702,17281
1681,1703,17291
1682,1704,17301
1683,1705,17311
1684,1706,17321
1685,1707,17331
1686,1708,17341
1687,1709,17351
1688,1710,17361
1689,1711,17371
1690,1712,17381
1691,1713,17391
1692,1714,17401
1693,1715,17411
1694,1716,17421
1695,1717,17431
1696,1718,17441
1697,1719,17451
1698,1720,17461
1699,1721,17471
1700,1722,17481
1701,1723,17491
1702,1724,17501
1703,1725,17511
1704,1726,17521
1705,1727,17531
1706,1728,17541
1707,1729,17551
1708,1730,17561
1709,1731,17571
1710,1732,17581
1711,1733,17591
1712,1734,17601
1713,1735,17611
1714,1736,17621
1715,1737,17631
1716,1738,17641
1717,1739,17651
1718,1740,17661
1719,1741,17671
1720,1742,17681
1721,1744,17691
1722,1745,17701
1723,1743,17711
1724,1746,17721
1725,1747,17731
1726,1748,17741
1727,1749,17751
1728,1750,17761
1729,1751,17771
1730,1752,17781
1731,1753,17791
1732,1754,17801
1733,1755,17811
1734,1756,17821
1735,1757,17831
1736,1759,17841
1737,1760,17851
1738,1761,17861
1739,1762,17871
1740,1758,17881
1741,1763,17891
1742,1764,17901
1743,1765,17911
1744,1766,17921
1745,1767,17931
1746,1768,17941
1747,1769,17951
1748,1770,17961
1749,1771,17971
1750,1772,17981
1751,1773,17991
1752,1774,18001
1753,1775,18011
1754,1776,18021
1755,1777,18031
1756,1778,18041
1757,1779,18051
1758,1780,18061
1759,1781,18071
1760,1782,18081
1761,1783,18091
1762,1784,18101
1763,1785,18111
1764,1786,18121
1765,1787,18131
1766,1788,18141
1767,1789,18151
1768,1790,18161
1769,1791,18171
1770,1792,18181
1771,1793,18191
1772,1794,18201
1773,1795,18211
1774,1796,18221
1775,1797,18231
1776,1798,18241
1777,1799,18251
1778,1800,18261
1779,1801,18271
1780,1802,18281
1781,1803,18291
1782,1804,18301
1783,1805,18311
1784,1806,18321
1785,1808,18331
1786,1807,18341
1787,1809,18351
1788,1810,18361
1789,1811,18371
1790,1812,18381
1791,1813,18391
1792,1814,18401
1793,1815,18411
1794,1816,18421
1795,1817,18431
1796,1818,18441
1797,1819,18451
1798,1820,18461
1799,1821,18471
1800,1822,18481
1801,1823,18491
1802,1824,18501
1803,1825,18511
1804,1826,18521
1805,1827,18531
1806,1828,18541
1807,1829,18551
1808,1830,18561
1809,1831,18571
1810,1832,18581
1811,1833,18591
1812,1834,18601
1813,1835,18611
1814,1836,18621
1815,1837,18631
1816,1838,18641
1817,1839,18651
1818,1840,18661
1819,1841,18671
1820,1843,18681
1821,1844,18691
1822,1845,18701
1823,1846,18711
1824,1847,18721
1825,1848,18731
1826,1849,18741
1827,1850,18751
1828,1842,18761
1829,1851,18771
1830,1852,18781
1831,1853,18791
1832,1854,18801
1833,1855,18811
1834,1856,18821
1835,1857,18831
1836,1858,18841
1837,1859,18851
1838,1860,18861
1839,1861,18871
1840,1862,18881
1841,1863,18891
1842,1864,18901
1843,1865,18911
1844,1866,18921
1845,1867,18931
1846,1868,18941
1847,1869,18951
1848,1870,18961
1849,1871,18971
1850,1872,18981
1851,1873,18991
1852,1874,19001
1853,1875,19011
1854,1876,19021
1855,1877,19031
1856,1878,19041
1857,1879,19051
1858,1880,19061
1859,1881,19071
1860,1882,19081
1861,1883,19091
1862,1884,19101
1863,1885,19111
1864,1886,19121
1865,1887,19131
1866,1888,19141
1867,1889,19151
1868,1890,19161
1869,1891,19171
1870,1892,19181
1871,1893,19191
1872,1894,19201
1873,1895,19211
1874,1896,19221
1875,1897,19231
1876,1899,19241
1877,1900,19251
1878,1901,19261
1879,1902,19271
1880,1903,19281
1881,1904,19291
1882,1905,19301
1883,1906,19311
1884,1898,19321
1885,1907,19331
1886,1908,19341
1887,1909,19351
1888,1910,19361
1889,1911,19371
1890,1912,19381
1891,1913,19391
1892,1914,19401
1893,1915,19411
1894,1916,19421
1895,1917,19431
1896,1918,19441
1897,1919,19451
1898,1920,19461
1899,1921,19471
1900,1922,19481
1901,1923,19491
1902,1924,19501
1903,1925,19511
1904,1926,19521
1905,1927,19531
1906,1928,19541
1907,1929,19551
1908,1930,19561
1909,1931,19571
1910,1932,19581
1911,1933,19591
1912,1934,19601
1913,1935,19611
1914,1936,19621
1915,1937,19631
1916,1938,19641
1917,1939,19651
1918,1940,19661
1919,1941,19671
1920,1942,19681
1921,1943,19691
1922,1944,19701
1923,1945,19711
1924,1946,19721
1925,1947,19731
1926,1948,19741
1927,1949,19751
1928,1950,19761
1929,1951,19771
1930,1952,19781
1931,1953,19791
1932,1954,19801
1933,1955,19811
1934,1956,19821
1935,1957,19831
1936,1958,19841
1937,1959,19851
1938,1960,19861
1939,1961,19871
1940,1962,19881
1941,1963,19891
1942,1964,19901
1943,1965,19911
1944,3224,19921
1945,3225,19931
1946,3229,19941
1947,1966,19951
1948,1967,19961
1949,1968,19971
1950,1969,19981
1951,1970,19991
1952,1971,20001
1953,1972,20011
1954,1973,20021
1955,1974,20031
1956,1975,20041
1957,1976,20051
1958,1977,20061
1959,1978,20071
1960,1979,20081
1961,1980,20091
1962,1981,20101
1963,1982,20111
1964,1983,20121
1965,1984,20131
1966,1985,20141
1967,1986,20151
1968,1987,20161
1969,1988,20171
1970,1989,20181
1971,1990,20191
1972,1991,20201
1973,1992,20211
1974,1993,20221
1975,1994,20231
1976,1995,20241
1977,1996,20251
1978,1997,20261
1979,1998,20271
1980,1999,20281
1981,2000,20291
1982,2001,20301
1983,2002,20311
1984,2003,20321
1985,2004,20331
1986,2005,20341
1987,2006,20351
1988,2007,20361
1989,2008,20371
1990,2009,20381
1991,2010,20391
1992,2011,20401
1993,2012,20411
1994,2013,20421
1995,2014,20431
1996,2015,20441
1997,2016,20451
1998,2017,20461
1999,2018,20471
2000,2019,20481
2001,2020,20491
2002,2021,20501
2003,2022,20511
2004,2023,20521
2005,2024,20531
2006,2025,20541
2007,2026,20551
2008,2027,20561
2009,2028,20571
2010,2029,20581
2011,2030,20591
2012,2031,20601
2013,2032,20611
2014,2033,20621
2015,2034,20631
2016,2035,20641
2017,2036,20651
2018,2037,20661
2019,2038,20671
2020,2039,20681
2021,2040,20691
2022,2041,20701
2023,2042,20711
2024,2043,20721
2025,2044,20731
2026,2045,20741
2027,2046,20751
2028,2047,20761
2029,2048,20771
2030,2049,20781
2031,2050,20791
2032,2051,20801
2033,2052,20811
2034,2053,20821
2035,2054,20831
2036,2055,20841
2037,2056,20851
2038,2057,20861
2039,2058,20871
2040,2059,20881
2041,2060,20891
2042,2061,20901
2043,2062,20911
2044,2063,20921
2045,2064,20931
2046,2065,20941
2047,2066,20951
2048,2067,20961
2049,2068,20971
2050,2069,20981
2051,2070,20991
2052,2071,21001
2053,2072,21011
2054,2073,21021
2055,2074,21031
2056,2075,21041
2057,2076,21051
2058,2077,21061
2059,2078,21071
2060,2079,21081
2061,2080,21091
2062,2081,21101
2063,2082,21111
2064,2083,21121
2065,2084,21131
2066,2085,21141
2067,2086,21151
2068,2087,21161
2069,2088,21171
2070,2089,21181
2071,2090,21191
2072,2091,21201
2073,2092,21211
2074,2093,21221
2075,2094,21231
2076,2095,21241
2077,2096,21251
2078,2097,21261
2079,2098,21271
2080,2099,21281
2081,2100,21291
2082,2101,21301
2083,2102,21311
2084,2103,21321
2085,2104,21331
2086,2105,21341
2087,2106,21351
2088,2107,21361
2089,2108,21371
2090,2109,21381
2091,2110,21391
2092,2111,21401
2093,2112,21411
2094,2113,21421
2095,2114,21431
2096,2115,21441
2097,2116,21451
2098,2118,21461
2099,2117,21471
2100,2119,21481
2101,2120,21491
2102,2121,21501
2103,2122,21511
2104,2123,21521
2105,2124,21531
2106,2125,21541
2107,2126,21551
2108,2127,21561
2109,2128,21571
2110,2129,21581
2111,2130,21591
2112,2131,21601
2113,2132,21611
2114,2133,21621
2115,2134,21631
2116,2135,21641
2117,2136,21651
2118,2137,21661
2119,2138,21671
2120,2139,21681
2121,2140,21691
2122,2141,21701
2123,2142,21711
2124,2143,21721
2125,2144,21731
2126,2145,21741
2127,2146,21751
2128,2147,21761
2129,2148,21771
2130,2149,21781
2131,2150,21791
2132,2151,21801
2133,2152,21811
2134,2153,21821
2135,2154,21831
2136,2155,21841
2137,2156,21851
2138,2157,21861
2139,2158,21871
2140,2159,21881
2141,2161,21891
2142,2162,21901
2143,2163,21911
2144,2164,21921
2145,2165,21931
2146,2166,21941
2147,2167,21951
2148,2168,21961
2149,2160,21971
2150,2169,21981
2151,2170,21991
2152,3226,22001
2153,2171,22011
2154,2172,22021
2155,2173,22031
2156,2174,22041
2157,2175,22051
2158,2185,22061
2159,2176,22071
2160,2177,22081
2161,2178,22091
2162,2179,22101
2163,2180,22111
2164,2181,22121
2165,2182,22131
2166,2183,22141
2167,2184,22151
2168,2186,22161
2169,2187,22171
2170,2188,22181
2171,2189,22191
2172,2190,22201
2173,2191,22211
2174,2192,22221
2175,2193,22231
2176,2194,22241
2177,2195,22251
2178,2196,22261
2179,2197,22271
2180,2198,22281
2181,2199,22291
2182,2200,22301
2183,2201,22311
2184,2202,22321
2185,2203,22331
2186,2204,22341
2187,2205,22351
2188,2206,22361
2189,2207,22371
2190,2208,22381
2191,2209,22391
2192,2210,22401
2193,2211,22411
2194,2214,22421
2195,2215,22431
2196,2216,22441
2197,2217,22451
2198,2218,22461
2199,2219,22471
2200,2220,22481
2201,2221,22491
2202,2222,22501
2203,2223,22511
2204,2224,22521
2205,2225,22531
2206,2226,22541
2207,2227,22551
2208,2228,22561
2209,2229,22571
2210,2230,22581
2211,2231,22591
2212,2232,22601
2213,2233,22611
2214,2234,22621
2215,2235,22631
2216,2236,22641
2217,2237,22651
2218,2238,22661
2219,2239,22671
2220,2240,22681
2221,2241,22691
2222,2242,22701
2223,2243,22711
2224,2244,22721
2225,2245,22731
2226,2246,22741
2227,2247,22751
2228,2248,22761
2229,2249,22771
2230,2250,22781
2231,2251,22791
2232,2252,22801
2233,2259,22811
2234,2253,22821
2235,2257,22831
2236,2254,22841
2237,2255,22851
2238,2256,22861
2239,2258,22871
2240,2260,22881
2241,2261,22891
2242,2262,22901
2243,2263,22911
2244,2264,22921
2245,2265,22931
2246,2266,22941
2247,2267,22951
2248,2268,22961
2249,2269,22971
2250,2270,22981
2251,2271,22991
2252,2272,23001
2253,2273,23011
2254,2274,23021
2255,2275,23031
2256,2276,23041
2257,2277,23051
2258,2278,23061
2259,2279,23071
2260,2281,23081
2261,2284,23091
2262,2280,23101
2263,2282,23111
2264,2283,23121
2265,2285,23131
2266,2286,23141
2267,2287,23151
2268,2288,23161
2269,2421,23171
2270,2289,23181
2271,2290,23191
2272,2291,23201
2273,2292,23211
2274,2293,23221
2275,2294,23231
2276,2295,23241
2277,2296,23251
2278,2297,23261
2279,2298,23271
2280,2299,23281
2281,2300,23291
2282,2301,23301
2283,2302,23311
2284,2303,23321
2285,2304,23331
2286,2305,23341
2287,2306,23351
2288,2307,23361
2289,2308,23371
2290,2309,23381
2291,2310,23391
2292,2311,23401
2293,2313,23411
2294,2312,23421
2295,2314,23431
2296,2315,23441
2297,2316,23451
2298,2317,23461
2299,2318,23471
2300,2319,23481
2301,2322,23491
2302,2320,23501
2303,2321,23511
2304,2323,23521
2305,2324,23531
2306,2325,23541
2307,2326,23551
2308,2327,23561
2309,2328,23571
2310,2329,23581
2311,2330,23591
2312,2331,23601
2313,2332,23611
2314,2333,23621
2315,2334,23631
2316,2335,23641
2317,2336,23651
2318,2337,23661
2319,2338,23671
2320,2340,23681
2321,2339,23691
2322,2341,23701
2323,2342,23711
2324,2343,23721
2325,2344,23731
2326,2345,23741
2327,2346,23751
2328,2347,23761
2329,2348,23771
2330,2349,23781
2331,2350,23791
2332,2351,23801
2333,2352,23811
2334,2353,23821
2335,2354,23831
2336,2355,23841
2337,2356,23851
2338,2357,23861
2339,2358,23871
2340,2359,23881
2341,2360,23891
2342,2361,23901
2343,2362,23911
2344,2363,23921
2345,2364,23931
2346,2365,23941
2347,2366,23951
2348,2367,23961
2349,2368,23971
2350,2369,23981
2351,2370,23991
2352,2371,24001
2353,2372,24011
2354,2373,24021
2355,2374,24031
2356,2375,24041
2357,2376,24051
2358,2377,24061
2359,2378,24071
2360,2379,24081
2361,2380,24091
2362,2381,24101
2363,2382,24111
2364,2383,24121
2365,2384,24131
2366,2385,24141
2367,2386,24151
2368,2387,24161
2369,2388,24171
2370,2389,24181
2371,2390,24191
2372,2391,24201
2373,2392,24211
2374,2393,24221
2375,2394,24231
2376,2395,24241
2377,2396,24251
2378,2397,24261
2379,2398,24271
2380,2399,24281
2381,2400,24291
2382,2401,24301
2383,2402,24311
2384,2403,24321
2385,2404,24331
2386,2405,24341
2387,2406,24351
2388,2407,24361
2389,2408,24371
2390,2409,24381
2391,2410,24391
2392,2411,24401
2393,2412,24411
2394,2413,24421
2395,2414,24431
2396,2415,24441
2397,2416,24451
2398,2417,24461
2399,2418,24471
2400,2419,24481
2401,2420,24491
2402,2422,24501
2403,2423,24511
2404,2424,24521
2405,2425,24531
2406,2426,24541
2407,2427,24551
2408,2428,24561
2409,2429,24571
2410,2430,24581
2411,2431,24591
2412,2432,24601
2413,2433,24611
2414,2434,24621
2415,2435,24631
2416,2436,24641
2417,2437,24651
2418,2438,24661
2419,2439,24671
2420,2440,24681
2421,2441,24691
2422,2442,24701
2423,2443,24711
2424,2444,24721
2425,2445,24731
2426,2446,24741
2427,2447,24751
2428,2448,24761
2429,2449,24771
2430,2450,24781
2431,2451,24791
2432,2452,24801
2433,2453,24811
2434,2454,24821
2435,2455,24831
2436,2456,24841
2437,2460,24851
2438,2457,24861
2439,2458,24871
2440,2459,24881
2441,2461,24891
2442,2462,24901
2443,2463,24911
2444,2464,24921
2445,2465,24931
2446,2466,24941
2447,2467,24951
2448,2468,24961
2449,2469,24971
2450,2470,24981
2451,2471,24991
2452,2472,25001
2453,2473,25011
2454,2474,25021
2455,2475,25031
2456,2476,25041
2457,2477,25051
2458,2478,25061
2459,2479,25071
2460,2480,25081
2461,2481,25091
2462,2482,25101
2463,2483,25111
2464,2484,25121
2465,2485,25131
2466,2486,25141
2467,2487,25151
2468,2488,25161
2469,2489,25171
2470,2490,25181
2471,2491,25191
2472,2492,25201
2473,2493,25211
2474,2494,25221
2475,2495,25231
2476,2496,25241
2477,2497,25251
2478,2498,25261
2479,2499,25271
2480,2500,25281
2481,2501,25291
2482,2502,25301
2483,2503,25311
2484,2504,25321
2485,2505,25331
2486,2506,25341
2487,2507,25351
2488,2508,25361
2489,2509,25371
2490,2510,25381
2491,2511,25391
2492,2512,25401
2493,2513,25411
2494,2514,25421
2495,2516,25431
2496,2517,25441
2497,2518,25451
2498,2519,25461
2499,2520,25471
2500,2515,25481
2501,2521,25491
2502,2522,25501
2503,2523,25511
2504,2524,25521
2505,2525,25531
2506,2526,25541
2507,2527,25551
2508,2528,25561
2509,2529,25571
2510,2530,25581
2511,2531,25591
2512,2532,25601
2513,2533,25611
2514,2534,25621
2515,2535,25631
2516,2536,25641
2517,2537,25651
2518,2538,25661
2519,2539,25671
2520,2540,25681
2521,2541,25691
2522,2542,25701
2523,2543,25711
2524,2544,25721
2525,2545,25731
2526,2546,25741
2527,2547,25751
2528,2548,25761
2529,2549,25771
2530,2550,25781
2531,2551,25791
2532,2552,25801
2533,2553,25811
2534,2554,25821
2535,2555,25831
2536,2556,25841
2537,2557,25851
2538,2558,25861
2539,2559,25871
2540,2560,25881
2541,2561,25891
2542,2562,25901
2543,2563,25911
2544,2564,25921
2545,2565,25931
2546,2566,25941
2547,2567,25951
2548,2568,25961
2549,2569,25971
2550,2570,25981
2551,2571,25991
2552,2572,26001
2553,2573,26011
2554,2574,26021
2555,2575,26031
2556,2576,26041
2557,2577,26051
2558,2578,26061
2559,2579,26071
2560,2580,26081
2561,2581,26091
2562,2582,26101
2563,2583,26111
2564,2584,26121
2565,2585,26131
2566,2586,26141
2567,2587,26151
2568,2588,26161
2569,2589,26171
2570,2590,26181
2571,2591,26191
2572,2592,26201
2573,2593,26211
2574,2594,26221
2575,2595,26231
2576,2596,26241
2577,2597,26251
2578,2598,26261
2579,2599,26271
2580,2601,26281
2581,2602,26291
2582,2603,26301
2583,2604,26311
2584,2605,26321
2585,2606,26331
2586,2600,26341
2587,2607,26351
2588,2608,26361
2589,2609,26371
2590,2610,26381
2591,2611,26391
2592,2612,26401
2593,2613,26411
2594,2614,26421
2595,2615,26431
2596,2616,26441
2597,2617,26451
2598,2618,26461
2599,2619,26471
2600,2620,26481
2601,2621,26491
2602,2622,26501
2603,2623,26511
2604,2624,26521
2605,2625,26531
2606,2626,26541
2607,2627,26551
2608,2628,26561
2609,2629,26571
2610,2630,26581
2611,2631,26591
2612,2632,26601
2613,2633,26611
2614,2634,26621
2615,2635,26631
2616,2636,26641
2617,2637,26651
2618,2638,26661
2619,2639,26671
2620,2640,26681
2621,2641,26691
2622,2642,26701
2623,2643,26711
2624,2644,26721
2625,2645,26731
2626,2646,26741
2627,2647,26751
2628,2648,26761
2629,2649,26771
2630,2650,26781
2631,2651,26791
2632,2652,26801
2633,2661,26811
2634,2653,26821
2635,2654,26831
2636,2655,26841
2637,2656,26851
2638,2657,26861
2639,2658,26871
2640,2659,26881
2641,2660,26891
2642,2662,26901
2643,2663,26911
2644,2664,26921
2645,2665,26931
2646,2666,26941
2647,2667,26951
2648,2668,26961
2649,2669,26971
2650,2670,26981
2651,2671,26991
2652,2672,27001
2653,2673,27011
2654,2674,27021
2655,2675,27031
2656,2676,27041
2657,2677,27051
2658,2678,27061
2659,2679,27071
2660,2680,27081
2661,2681,27091
2662,2682,27101
2663,2683,27111
2664,2684,27121
2665,2685,27131
2666,2686,27141
2667,2687,27151
2668,2688,27161
2669,2689,27171
2670,2690,27181
2671,2691,27191
2672,2692,27201
2673,2693,27211
2674,2694,27221
2675,2695,27231
2676,2696,27241
2677,2697,27251
2678,2698,27261
2679,2699,27271
2680,2700,27281
2681,2701,27291
2682,2702,27301
2683,2703,27311
2684,2704,27321
2685,2705,27331
2686,2706,27341
2687,2707,27351
2688,2708,27361
2689,2709,27371
2690,2710,27381
2691,2711,27391
2692,2712,27401
2693,2713,27411
2694,2714,27421
2695,2715,27431
2696,2716,27441
2697,2717,27451
2698,2718,27461
2699,2719,27471
2700,2720,27481
2701,2725,27491
2702,2721,27501
2703,2722,27511
2704,2723,27521
2705,2724,27531
2706,2726,27541
2707,2727,27551
2708,2728,27561
2709,2729,27571
2710,2730,27581
2711,2731,27591
2712,2732,27601
2713,2733,27611
2714,2734,27621
2715,2735,27631
2716,2736,27641
2717,2737,27651
2718,2738,27661
2719,2739,27671
2720,2740,27681
2721,2741,27691
2722,2742,27701
2723,2743,27711
2724,2744,27721
2725,2745,27731
2726,2746,27741
2727,2747,27751
2728,2748,27761
2729,2749,27771
2730,2750,27781
2731,2751,27791
2732,2752,27801
2733,2753,27811
2734,2754,27821
2735,2755,27831
2736,2756,27841
2737,2757,27851
2738,2758,27861
2739,2759,27871
2740,2760,27881
2741,2761,27891
2742,2762,27901
2743,2763,27911
2744,2764,27921
2745,2765,27931
2746,2766,27941
2747,2767,27951
2748,2768,27961
2749,2769,27971
2750,2770,27981
2751,2771,27991
2752,2772,28001
2753,2773,28011
2754,2774,28021
2755,2775,28031
2756,2776,28041
2757,2777,28051
2758,2778,28061
2759,2779,28071
2760,2780,28081
2761,2781,28091
2762,2782,28101
2763,2783,28111
2764,2784,28121
2765,2785,28131
2766,2786,28141
2767,2787,28151
2768,2788,28161
2769,2789,28171
2770,2790,28181
2771,2791,28191
2772,2792,28201
2773,2793,28211
2774,2794,28221
2775,2795,28231
2776,2796,28241
2777,2797,28251
2778,2798,28261
2779,2799,28271
2780,2800,28281
2781,2801,28291
2782,2802,28301
2783,2803,28311
2784,2804,28321
2785,2805,28331
2786,2806,28341
2787,2807,28351
2788,2808,28361
2789,2809,28371
2790,2810,28381
2791,2813,28391
2792,2811,28401
2793,2812,28411
2794,2814,28421
2795,2815,28431
2796,2816,28441
2797,2817,28451
2798,2818,28461
2799,2819,28471
2800,2820,28481
2801,2821,28491
2802,2822,28501
2803,2823,28511
2804,2824,28521
2805,2825,28531
2806,2826,28541
2807,2827,28551
2808,2828,28561
2809,2829,28571
2810,2830,28581
2811,2831,28591
2812,2832,28601
2813,2833,28611
2814,2834,28621
2815,2835,28631
2816,2836,28641
2817,2837,28651
2818,2838,28661
2819,2839,28671
2820,2840,28681
2821,2842,28691
2822,2843,28701
2823,2844,28711
2824,2845,28721
2825,2846,28731
2826,2841,28741
2827,2847,28751
2828,2848,28761
2829,2849,28771
2830,2850,28781
2831,2851,28791
2832,2852,28801
2833,2853,28811
2834,2854,28821
2835,2855,28831
2836,2856,28841
2837,2857,28851
2838,2858,28861
2839,2859,28871
2840,2860,28881
2841,2864,28891
2842,2861,28901
2843,2862,28911
2844,2865,28921
2845,2866,28931
2846,2867,28941
2847,2868,28951
2848,2869,28961
2849,2870,28971
2850,2871,28981
2851,2872,28991
2852,2863,29001
2853,2873,29011
2854,2874,29021
2855,2875,29031
2856,2876,29041
2857,2877,29051
2858,2878,29061
2859,2879,29071
2860,2880,29081
2861,2881,29091
2862,2882,29101
2863,2883,29111
2864,2884,29121
2865,2885,29131
2866,2886,29141
2867,2887,29151
2868,2889,29161
2869,2890,29171
2870,2891,29181
2871,2892,29191
2872,2893,29201
2873,2894,29211
2874,2895,29221
2875,2896,29231
2876,2897,29241
2877,2888,29251
2878,2898,29261
2879,2899,29271
2880,2900,29281
2881,2901,29291
2882,2902,29301
2883,2903,29311
2884,2904,29321
2885,2905,29331
2886,2906,29341
2887,2908,29351
2888,2907,29361
2889,2909,29371
2890,2910,29381
2891,2911,29391
2892,2912,29401
2893,2913,29411
2894,2914,29421
2895,2915,29431
2896,2916,29441
2897,2917,29451
2898,2918,29461
2899,2919,29471
2900,2920,29481
2901,2921,29491
2902,2922,29501
2903,2923,29511
2904,2924,29521
2905,2925,29531
2906,2926,29541
2907,2927,29551
2908,2928,29561
2909,2929,29571
2910,2930,29581
2911,2931,29591
2912,2932,29601
2913,2933,29611
2914,2934,29621
2915,2935,29631
2916,2936,29641
2917,2937,29651
2918,2938,29661
2919,2939,29671
2920,2940,29681
2921,2941,29691
2922,2942,29701
2923,2943,29711
2924,2944,29721
2925,2945,29731
2926,2946,29741
2927,2947,29751
2928,2948,29761
2929,2949,29771
2930,2950,29781
2931,2951,29791
2932,2952,29801
2933,2953,29811
2934,2954,29821
2935,2955,29831
2936,2956,29841
2937,2957,29851
2938,2958,29861
2939,2959,29871
2940,2960,29881
2941,2961,29891
2942,2963,29901
2943,2964,29911
2944,2962,29921
2945,2965,29931
2946,2966,29941
2947,2967,29951
2948,2968,29961
2949,2969,29971
2950,2970,29981
2951,2971,29991
2952,2972,30001
2953,2973,30011
2954,2974,30021
2955,2975,30031
2956,2976,30041
2957,2977,30051
2958,2978,30061
2959,2979,30071
2960,2980,30081
2961,2981,30091
2962,2982,30101
2963,2983,30111
2964,2984,30121
2965,2985,30131
2966,2986,30141
2967,2987,30151
2968,2988,30161
2969,2989,30171
2970,2990,30181
2971,2991,30191
2972,2992,30201
2973,2993,30211
2974,2994,30221
2975,2995,30231
2976,2996,30241
2977,2997,30251
2978,2998,30261
2979,2999,30271
2980,3000,30281
2981,3001,30291
2982,3002,30301
2983,3003,30311
2984,3004,30321
2985,3005,30331
2986,3006,30341
2987,3007,30351
2988,3008,30361
2989,3009,30371
2990,3010,30381
2991,3011,30391
2992,3012,30401
2993,3013,30411
2994,3014,30421
2995,3015,30431
2996,3016,30441
2997,3017,30451
2998,3018,30461
2999,3019,30471
3000,3020,30481
3001,3021,30491
3002,3022,30501
3003,3023,30511
3004,3025,30521
3005,3024,30531
3006,3026,30541
3007,3027,30551
3008,3028,30561
3009,3029,30571
3010,3030,30581
3011,3031,30591
3012,3032,30601
3013,3033,30611
3014,3034,30621
3015,3035,30631
3016,3036,30641
3017,3037,30651
3018,3038,30661
3019,3039,30671
3020,3040,30681
3021,3041,30691
3022,3042,30701
3023,3043,30711
3024,3044,30721
3025,3045,30731
3026,3046,30741
3027,3047,30751
3028,3048,30761
3029,3049,30771
3030,3050,30781
3031,3051,30791
3032,3052,30801
3033,3053,30811
3034,3054,30821
3035,3055,30831
3036,3056,30841
3037,3057,30851
3038,3058,30861
3039,3059,30871
3040,3060,30881
3041,3061,30891
3042,3062,30901
3043,3063,30911
3044,3064,30921
3045,3065,30931
3046,3066,30941
3047,3228,30951
3048,3067,30961
3049,3068,30971
3050,3069,30981
3051,3232,30991
3052,3070,31001
3053,3071,31011
3054,3072,31021
3055,3073,31031
3056,3074,31041
3057,3075,31051
3058,3076,31061
3059,3077,31071
3060,3078,31081
3061,3079,31091
3062,3080,31101
3063,3081,31111
3064,3082,31121
3065,3083,31131
3066,3084,31141
3067,3085,31151
3068,3086,31161
3069,3087,31171
3070,3088,31181
3071,3089,31191
3072,3090,31201
3073,3091,31211
3074,3092,31221
3075,3093,31231
3076,3094,31241
3077,3095,31251
3078,3096,31261
3079,3097,31271
3080,3098,31281
3081,3099,31291
3082,3100,31301
3083,3101,31311
3084,3102,31321
3085,3103,31331
3086,3104,31341
3087,3105,31351
3088,3106,31361
3089,3107,31371
3090,3108,31381
3091,3109,31391
3092,3110,31401
3093,3111,31411
3094,3112,31421
3095,3113,31431
3096,3114,31441
3097,3115,31451
3098,3116,31461
3099,3117,31471
3100,3118,31481
3101,3119,31491
3102,3120,31501
3103,3121,31511
3104,3122,31521
3105,3123,31531
3106,3124,31541
3107,3125,31551
3108,3126,31561
3109,3127,31571
3110,3128,31581
3111,3129,31591
3112,3130,31601
3113,3131,31611
3114,3132,31621
3115,3133,31631
3116,3134,31641
3117,3135,31651
3118,3136,31661
3119,3137,31671
3120,3138,31681
3121,3139,31691
3122,3140,31701
3123,3141,31711
3124,3142,31721
3125,3143,31731
3126,3144,31741
3127,3145,31751
3128,3147,31761
3129,3146,31771
3130,3148,31781
3131,3149,31791
3132,3150,31801
3133,3151,31811
3134,3152,31821
3135,3153,31831
3136,3154,31841
3137,3155,31851
3138,3156,31861
3139,3157,31871
3140,3158,31881
3141,3159,31891
3142,3160,31901
3143,3161,31911
3144,3162,31921
3145,3163,31931
3146,3164,31941
3147,3165,31951
3148,3166,31961
3149,3167,31971
3150,3168,31981
3151,3169,31991
3152,3170,32001
3153,3171,32011
3154,3172,32021
3155,3173,32031
3156,3174,32041
3157,3175,32051
3158,3176,32061
3159,3177,32071
3160,3178,32081
3161,3179,32091
3162,3180,32101
3163,3181,32111
3164,3182,32121
3165,3183,32131
3166,3184,32141
3167,3185,32151
3168,3186,32161
3169,3187,32171
3170,3188,32181
3171,3189,32191
3172,3190,32201
3173,3191,32211
3174,3192,32221
3175,3193,32231
3176,3194,32241
3177,3195,32251
3178,3197,32261
3179,3196,32271
3180,3198,32281
3181,3199,32291
3182,3200,32301
3183,3201,32311
3184,3202,32321
3185,3203,32331
3186,3204,32341
3187,3205,32351
3188,3206,32361
3189,3207,32371
3190,3208,32381
3191,3209,32391
3192,3210,32401
3193,3211,32411
3194,3212,32421
3195,3213,32431
3196,3214,32441
3197,3215,32451
3198,3216,32461
3199,3227,32471
